date,session_kind,week,month,session_type,competition_type,was_starter,duration_min,minutes_game_zerozero,total_distance_m,sprint_distance_m,high_speed_distance_m,distance_per_min,top_speed_kmh,sprints_1st_half,sprints_2nd_half,sprints_total,accelerations,decelerations,calories,notes
2025-09-01,training,1.0,9.0,Treino Segunda-Feira,,,97.0,,7500.0,229.0,750.0,77.0,26.82,,,5.0,28.0,45.0,752.0,
2025-09-02,training,1.0,9.0,Treino Terça-Feira,,,104.0,,6400.0,60.0,794.0,62.0,24.95,,,3.0,78.0,90.0,702.0,
2025-09-04,training,1.0,9.0,Treino Quarta-Feira,,,108.0,,8340.0,444.0,1278.0,77.0,30.3,,,21.0,68.0,81.0,897.0,
2025-09-05,training,1.0,9.0,Treino Quinta-Feira,,,101.0,,6640.0,242.0,717.0,66.0,27.58,,,9.0,34.0,43.0,685.0,
2025-09-06,game,1.0,9.0,Jogo Treino Paivense (CASA) 1-3,Treino,True,79.0,,7910.0,516.0,1345.0,99.0,30.8,13.0,10.0,23.0,37.0,53.0,835.0,
2025-09-08,training,2.0,9.0,Treino Segunda-Feira,,,101.0,,7420.0,316.0,902.0,74.0,29.15,,,10.0,52.0,61.0,783.0,
2025-09-09,training,2.0,9.0,Treino Terça-Feira,,,101.0,,7510.0,283.0,1115.0,74.0,29.06,,,14.0,60.0,57.0,802.0,
2025-09-10,game,2.0,9.0,Jogo Treino Macieirense (FORA) 1-1,Treino,True,120.0,,10050.0,617.0,1818.0,83.0,31.41,13.0,13.0,26.0,45.0,89.0,1071.0,Único Treino que teve aquecimento incluido
2025-09-12,training,2.0,9.0,Treino Sexta-Feira,,,105.0,,5090.0,90.0,560.0,48.0,26.0,,,4.0,44.0,44.0,546.0,
2025-09-13,game,2.0,9.0,Jogo Treino Sub19 Arouca (CASA) 4-2,Treino,True,134.0,,9070.0,599.0,1585.0,68.0,29.33,12.0,14.0,26.0,55.0,58.0,964.0,
2025-09-15,training,3.0,9.0,Treino Segunda-Feira,,,86.0,,6500.0,610.0,1094.0,76.0,29.93,,,21.0,51.0,68.0,692.0,Treino da estrela
2025-09-17,game,3.0,9.0,Jogo Treino Sub19 Paços (CASA) 4-1,Treino,True,82.0,,8340.0,562.0,1694.0,102.0,30.51,14.0,11.0,25.0,47.0,73.0,901.0,1 Assist
2025-09-18,training,3.0,9.0,Treino Quinta-Feira,,,82.0,,4930.0,64.0,566.0,60.0,27.74,,,2.0,31.0,47.0,525.0,
2025-09-19,training,3.0,9.0,Treino Sexta-Feira,,,109.0,,5160.0,216.0,581.0,47.0,28.61,,,12.0,30.0,34.0,540.0,
2025-09-21,game,3.0,9.0,Jogo Taça -Canedo(CASA) 1-0,Taça,True,72.0,73.0,7710.0,673.0,1660.0,103.0,32.42,16.0,9.0,25.0,33.0,60.0,821.0,
2025-09-23,training,4.0,9.0,Treino Terça-Feira,,,84.0,,6120.0,372.0,918.0,73.0,29.02,,,8.0,54.0,58.0,654.0,
2025-09-25,game,4.0,9.0,Jogo Treino Travanca (FORA) 1-7,Treino,True,60.0,45.0,5500.0,607.0,1308.0,92.0,31.51,19.0,0.0,19.0,36.0,50.0,599.0,1 Golo / 1 Assist
2025-09-26,training,4.0,9.0,Treino Sexta-Feira,,,75.0,,4980.0,110.0,717.0,66.0,28.67,,,3.0,41.0,50.0,538.0,
2025-09-29,training,5.0,9.0,Treino Segunda-Feira,,,82.0,,5900.0,116.0,637.0,72.0,24.49,,,5.0,63.0,67.0,644.0,
2025-09-30,training,5.0,9.0,Treino Terça-Feira,,,81.0,,6290.0,288.0,1023.0,78.0,28.05,,,10.0,48.0,60.0,676.0,
2025-10-02,training,5.0,10.0,Treino Quinta-Feira,,,83.0,,7740.0,534.0,1392.0,93.0,32.49,,,25.0,41.0,78.0,837.0,
2025-10-03,training,5.0,10.0,Treino Sexta-Feira,,,81.0,,5010.0,166.0,563.0,62.0,28.21,,,7.0,29.0,37.0,522.0,
2025-10-05,game,5.0,10.0,Jogo Taça - Sangedo (Fora) 3-0,Taça,True,72.0,61.0,7560.0,395.0,1303.0,105.0,30.93,13.0,3.0,16.0,42.0,72.0,804.0,
2025-10-07,training,6.0,10.0,Treino Terça-Feira,,,105.0,,7210.0,354.0,1100.0,69.0,29.43,,,10.0,78.0,78.0,778.0,
2025-10-09,training,6.0,10.0,Treino Quinta-Feira,,,77.0,,5970.0,254.0,804.0,77.0,29.15,,,9.0,35.0,56.0,630.0,
2025-10-12,game,6.0,10.0,Jornada 1 - Caldas (CASA) 3-1,Campeonato,True,56.0,45.0,6260.0,420.0,1104.0,112.0,28.26,18.0,0.0,18.0,27.0,49.0,652.0,
2025-10-14,training,7.0,10.0,Treino Terça-Feira,,,76.0,,5570.0,284.0,998.0,73.0,29.78,,,14.0,67.0,70.0,631.0,
2025-10-16,training,7.0,10.0,Treino Quinta-Feira,,,97.0,,7540.0,404.0,1209.0,78.0,33.24,,,15.0,53.0,71.0,805.0,
2025-10-17,training,7.0,10.0,Treino Sexta-Feira,,,78.0,,5480.0,130.0,782.0,62.0,26.26,,,7.0,49.0,50.0,593.0,
2025-10-19,game,7.0,10.0,Jornada 2 -Sub23 Mosteiro (FORA) 0-2,Campeonato,False,8.0,6.0,800.0,120.0,207.0,104.0,26.16,0.0,7.0,7.0,5.0,10.0,92.0,
2025-10-21,training,8.0,10.0,Treino Terça-Feira,,,73.0,,5500.0,400.0,727.0,75.0,27.99,,,10.0,21.0,27.0,569.0,
2025-10-23,training,8.0,10.0,Treino Quinta-Feira,,,71.0,,6830.0,520.0,1339.0,96.0,31.51,,,23.0,42.0,56.0,738.0,
2025-10-24,training,8.0,10.0,Treino Sexta-Feira,,,64.0,,4350.0,202.0,607.0,68.0,25.61,,,14.0,38.0,27.0,468.0,
2025-10-26,game,8.0,10.0,Jornada 3 - EspinhoB (FORA) 1-3,Campeonato,False,0.0,0.0,0.0,0.0,0.0,0.0,0.0,0.0,0.0,0.0,0.0,0.0,0.0,BANCO
2025-10-28,training,9.0,10.0,Treino Terça-Feira,,,73.0,,5500.0,400.0,727.0,75.0,27.99,,,10.0,21.0,27.0,569.0,
2025-10-31,training,9.0,10.0,Treino Sexta-Feira,,,77.0,,5029.0,274.0,807.0,65.0,28.55,,,10.0,30.0,39.0,534.0,
2025-11-02,game,9.0,11.0,Jornada 4 - Sub23 Rui Dolores (CASA) 5-1,Campeonato,False,13.0,9.0,1450.0,222.0,365.0,111.0,30.05,0.0,8.0,8.0,6.0,9.0,151.0,
2025-11-04,training,10.0,11.0,Treino Terça-Feira,,,80.0,,6380.0,209.0,1043.0,80.0,28.83,,,4.0,58.0,84.0,694.0,
2025-11-06,training,10.0,11.0,Treino Quinta-Feira,,,80.0,,7360.0,462.0,1270.0,92.0,31.79,,,22.0,43.0,76.0,791.0,
2025-11-07,training,10.0,11.0,Treino Quinta-Feira,,,106.0,,6130.0,152.0,731.0,58.0,28.51,,,6.0,39.0,47.0,653.0,
2025-11-09,game,10.0,11.0,Jornada 5 - Milheiroense (FORA) 1-2,Campeonato,False,20.0,9.0,2070.0,237.0,537.0,103.0,30.47,0.0,9.0,9.0,9.0,18.0,222.0,
2025-11-11,training,11.0,11.0,Treino Terça-Feira,,,76.0,,6070.0,420.0,961.0,80.0,28.74,,,11.0,39.0,50.0,645.0,
2025-11-12,training,11.0,11.0,Treino Sexta-Feira,,,93.0,,6510.0,130.0,845.0,70.0,26.06,,,9.0,43.0,60.0,693.0,
2025-11-12,training,11.0,11.0,Treino Quinta-Feira,,,95.0,,9440.0,566.0,1456.0,99.0,31.5,,,26.0,48.0,93.0,995.0,
2025-11-16,game,11.0,11.0,Jornada 6 - Sub23 Tarei (CASA) 7-0,Campeonato,True,54.0,65.0,5740.0,420.0,1153.0,106.0,28.94,11.0,5.0,16.0,22.0,59.0,614.0,1 Golo
2025-11-18,training,12.0,11.0,Treino Terça-Feira,,,87.0,,5960.0,69.0,723.0,68.0,23.17,,,3.0,49.0,61.0,642.0,
2025-11-20,training,12.0,11.0,Treino Quinta-Feira,,,87.0,,8040.0,491.0,1561.0,92.0,28.44,,,22.0,42.0,85.0,871.0,
2025-11-21,training,12.0,11.0,Treino Sexta-Feira,,,74.0,,3990.0,145.0,499.0,54.0,26.62,,,8.0,35.0,36.0,428.0,
2025-11-23,game,12.0,11.0,Jornada 7 - Vale (FORA) 0-2,Campeonato,False,15.0,8.0,1480.0,158.0,316.0,99.0,30.89,0.0,5.0,5.0,11.0,13.0,160.0,Falhanço na pequena area
2025-11-25,training,13.0,11.0,Treino Terça-Feira,,,60.0,,4080.0,12.0,479.0,68.0,21.92,,,0.0,36.0,42.0,445.0,
2025-11-27,training,13.0,11.0,Treino Quinta-Feira,,,82.0,,7560.0,429.0,1358.0,92.0,27.77,,,21.0,52.0,75.0,818.0,
2025-12-01,training,14.0,12.0,Treino Segunda-Feira,,,88.0,,7840.0,152.0,777.0,89.0,28.48,,,10.0,42.0,58.0,805.0,
2025-12-02,training,14.0,12.0,Treino Terça-Feira,,,81.0,,9170.0,675.0,1571.0,113.0,31.0,,,26.0,39.0,62.0,964.0,
2025-12-04,game,14.0,12.0,Jogo Treino Carregosense (FORA) 3-2,Treino,False,48.0,,5570.0,476.0,1187.0,116.0,34.11,0.0,15.0,15.0,36.0,61.0,675.0,"Max. Speed, Jogo HORRIVEL"
2025-12-05,training,14.0,12.0,Treino Sexta-Feira,,,92.0,,6990.0,69.0,925.0,76.0,27.13,,,2.0,45.0,68.0,748.0,
2025-12-08,training,15.0,12.0,Treino Segunda-Feira,,,78.0,,5190.0,87.0,727.0,67.0,24.42,,,3.0,52.0,59.0,566.0,
2025-12-09,training,15.0,12.0,Treino Terça-Feira,,,92.0,,6470.0,115.0,875.0,70.0,26.14,,,5.0,48.0,72.0,699.0,
2025-12-11,training,15.0,12.0,Treino Quinta-Feira,,,85.0,,7240.0,517.0,1413.0,85.0,31.49,,,16.0,45.0,65.0,785.0,
2025-12-12,training,15.0,12.0,Treino Sexta-Feira,,,82.0,,5390.0,61.0,596.0,66.0,26.75,,,3.0,23.0,43.0,567.0,
2025-12-14,game,15.0,12.0,Jornada 8 - São Martinho (CASA) 2-1,Campeonato,False,0.0,0.0,0.0,0.0,0.0,0.0,0.0,0.0,0.0,0.0,0.0,0.0,0.0,BANCO
2025-12-17,training,16.0,12.0,Treino Quarta-Feira,,,72.0,,6500.0,128.0,813.0,90.0,26.75,,,6.0,27.0,47.0,673.0,
2025-12-22,training,17.0,12.0,Treino Segunda-Feira,,,72.0,,5650.0,407.0,1272.0,78.0,28.96,,,24.0,52.0,66.0,629.0,Pós Jantar Natal - Estrela
2025-12-23,game,17.0,12.0,Jogo Treino Sub19 Arouca (CASA) ?-?,Treino,True,45.0,,,,,,,,,0.0,,,,Joguei 45 minutos pré jantar Vespera 24 
2025-12-26,training,17.0,12.0,Treino Sexta-Feira,,,84.0,,7420.0,221.0,931.0,88.0,26.65,,,12.0,45.0,70.0,770.0,
2025-12-27,game,17.0,12.0,Jogo Treino Fajões (CASA) 2-0,Treino,False,39.0,,4510.0,409.0,1052.0,116.0,29.55,0.0,14.0,14.0,28.0,35.0,487.0,
2025-12-30,training,18.0,12.0,Treino Terça-Feira,,,81.0,,6070.0,35.0,561.0,75.0,24.37,,,2.0,44.0,52.0,630.0,
2026-01-01,training,18.0,1.0,Treino Quinta-Feira,,,98.0,,9040.0,232.0,1225.0,92.0,26.28,,,11.0,57.0,84.0,948.0,
2026-01-02,training,18.0,1.0,Treino Sexta-Feira,,,94.0,,4140.0,268.0,729.0,44.0,29.6,,,14.0,49.0,45.0,468.0,
2026-01-04,game,18.0,1.0,Jornada 9 - União Mata (FORA) 0-2,Campeonato,False,6.0,1.0,690.0,99.0,165.0,114.0,30.41,0.0,3.0,3.0,4.0,4.0,73.0,
2026-01-06,training,19.0,1.0,Treino Terça-Feira,,,85.0,,6380.0,371.0,1061.0,75.0,28.0,,,8.0,72.0,71.0,690.0,
2026-01-08,training,19.0,1.0,Treino Quinta-Feira,,,79.0,,8540.0,545.0,1598.0,108.0,30.01,,,25.0,56.0,74.0,916.0,
2026-01-09,training,19.0,1.0,Treino Sexta-Feira,,,80.0,,4390.0,24.0,409.0,55.0,24.19,,,1.0,33.0,30.0,458.0,
2026-01-11,game,19.0,1.0,Jornada 10 - ADS B (CASA) 1-3,Campeonato,False,25.0,19.0,3130.0,179.0,729.0,125.0,28.89,0.0,7.0,7.0,19.0,31.0,345.0,
2026-01-12,training,20.0,1.0,Treino Segunda-Feira,,,70.0,,5390.0,311.0,699.0,77.0,27.52,,,6.0,31.0,34.0,559.0,
2026-01-14,training,20.0,1.0,Treino Quarta-Feira,,,90.0,,8160.0,458.0,1348.0,91.0,29.97,,,14.0,33.0,69.0,858.0,
2026-01-15,training,20.0,1.0,Treino Quinta-Feira,,,91.0,,5800.0,203.0,773.0,64.0,27.45,,,10.0,47.0,51.0,619.0,
2026-01-17,game,20.0,1.0,Jornada 11 - Vila Viçosa (FORA) 2-3,Campeonato,True,52.0,45.0,5780.0,523.0,1194.0,111.0,29.24,25.0,0.0,25.0,34.0,57.0,631.0,
2026-01-20,training,21.0,1.0,Treino Terça-Feira,,,68.0,,5500.0,146.0,699.0,81.0,26.94,,,9.0,44.0,57.0,589.0,
2026-01-22,game,21.0,1.0,Jogo Treino Mosteirô Arouca (CASA) 0-2,Treino,True,45.0,,,,,,,,,0.0,,,,
2026-01-23,training,21.0,1.0,Treino Sexta-Feira,,,82.0,,5560.0,220.0,786.0,68.0,28.86,,,10.0,43.0,46.0,595.0,
2026-01-25,game,21.0,1.0,Jornada 12 - Caldas São Jorge (FORA) 0-1,Campeonato,False,40.0,31.0,4310.0,278.0,808.0,108.0,29.8,0.0,15.0,15.0,29.0,46.0,465.0,
2026-01-27,training,22.0,1.0,Treino Terça-Feira,,,64.0,,5010.0,329.0,868.0,78.0,25.96,,,8.0,42.0,53.0,548.0,
2026-01-29,training,22.0,1.0,Treino Quinta-Feira,,,69.0,,6100.0,182.0,1020.0,88.0,26.0,,,12.0,42.0,71.0,662.0,
2026-01-30,training,22.0,1.0,Treino Sexta-Feira,,,78.0,,4970.0,100.0,739.0,64.0,26.96,,,5.0,39.0,43.0,533.0,
2026-02-03,training,23.0,2.0,Treino Terça-Feira,,,,,,,,,,,,,,,,
2026-02-05,game,23.0,2.0,Jogo Treino Mosteirô Arouca (CASA) 3-2,Treino,False,45.0,,,,,,,,,0.0,,,,
2026-02-06,training,23.0,2.0,Treino Sexta-Feira,,,,,,,,,,,,,,,,
2026-02-09,training,24.0,2.0,Treino Segunda-Feira,,,79.0,,6490.0,338.0,889.0,82.0,32.78,,,9.0,57.0,58.0,694.0,
2026-02-11,training,24.0,2.0,Treino Quarta-Feira,,,86.0,,8530.0,530.0,1465.0,99.0,30.39,,,24.0,45.0,67.0,905.0,
2026-02-12,training,24.0,2.0,Treino Quinta-Feira,,,82.0,,5300.0,31.0,528.0,65.0,22.83,,,2.0,33.0,32.0,554.0,
2026-02-14,game,24.0,2.0,Jornada 13 - Mosteirô (CASA) 10-0,Campeonato,False,33.0,31.0,4050.0,302.0,883.0,123.0,33.4,0.0,9.0,9.0,19.0,32.0,429.0,
2026-02-17,training,25.0,2.0,Treino Terça-Feira,,,87.0,,6600.0,38.0,637.0,76.0,22.72,,,9.0,42.0,49.0,685.0,
2026-02-19,training,25.0,2.0,Treino Quinta-Feira,,,83.0,,7470.0,314.0,1213.0,90.0,29.11,,,13.0,43.0,73.0,805.0,
2026-02-20,training,25.0,2.0,Treino Sexta-Feira,,,,,,,,,,,,,,,,
2026-02-22,game,25.0,2.0,Jornada 14 - EspinhoB (CASA) 1-0,Campeonato,True,98.0,89.0,10640.0,806.0,1940.0,108.57142857142857,32.39,20.0,11.0,31.0,63.0,101.0,1133.0,Parti em 2 sessões porque parei ao intervalo
2026-02-24,training,26.0,2.0,Treino Terça-Feira,,,79.0,,5780.0,152.0,630.0,73.0,27.31,,,5.0,47.0,53.0,607.0,
2026-02-25,training,26.0,2.0,Treino Quinta-Feira,,,84.0,,7550.0,455.0,1413.0,90.0,30.04,,,24.0,41.0,61.0,805.0,
2026-02-27,training,26.0,2.0,Treino Sexta-Feira,,,92.0,,5190.0,260.0,651.0,56.0,28.13,,,10.0,35.0,24.0,541.0,
2026-03-01,game,26.0,3.0,Jornada 15 - RuiDolores (FORA) 0-3,Campeonato,True,77.0,65.0,7820.0,433.0,1387.0,101.55844155844156,32.67,9.0,5.0,14.0,37.0,66.0,825.0,Parti em 2 sessões porque parei ao intervalo
2026-03-03,training,27.0,3.0,Treino Terça-Feira,,,83.0,,5680.0,135.0,739.0,68.0,25.15,,,6.0,50.0,72.0,614.0,
2026-03-05,game,27.0,3.0,Jogo Treino Fajões (FORA) 1-0,Treino,False,33.0,,4070.0,340.0,894.0,123.0,30.83,0.0,10.0,10.0,18.0,38.0,439.0,
2026-03-06,training,27.0,3.0,Treino Sexta-Feira,,,75.0,,5160.0,79.0,524.0,69.0,25.44,,,2.0,45.0,54.0,549.0,
2026-03-08,game,27.0,3.0,Jornada 16 - Milheiroense (CASA) 2-2,Campeonato,False,0.0,0.0,0.0,0.0,0.0,0.0,0.0,0.0,0.0,0.0,0.0,0.0,0.0,BANCO
2026-03-10,training,28.0,3.0,Treino Terça-Feira,,,61.0,,4890.0,11.0,557.0,80.0,22.97,,,0.0,45.0,48.0,525.0,
2026-03-11,training,28.0,3.0,Treino Quarta-Feira,,,80.0,,6980.0,188.0,874.0,87.0,28.56,,,7.0,58.0,64.0,737.0,
2026-03-12,training,28.0,3.0,Treino Quinta-Feira,,,68.0,,5190.0,85.0,674.0,59.0,23.79,,,4.0,40.0,41.0,554.0,
2026-03-14,game,28.0,3.0,Jornada 17 - Sub23 Tarei (FORA) 1-3,Campeonato,True,65.0,57.0,7310.0,435.0,1271.0,112.0,31.85,10.0,3.0,13.0,53.0,64.0,774.0,
2026-03-17,training,29.0,3.0,Treino Terça-Feira,,,78.0,,6520.0,213.0,949.0,84.0,26.2,,,6.0,54.0,51.0,691.0,
2026-03-19,training,29.0,3.0,Treino Quinta-Feira,,,69.0,,6380.0,344.0,1034.0,93.0,28.89,,,15.0,40.0,52.0,678.0,
2026-03-20,training,29.0,3.0,Treino Sexta-Feira,,,66.0,,3330.0,131.0,426.0,51.0,29.3,,,5.0,20.0,26.0,350.0,
2026-03-22,game,29.0,3.0,Jornada 18 - Vale (CASA) 3-1,Campeonato,False,20.0,18.0,1990.0,174.0,400.0,99.0,30.33,0.0,8.0,8.0,16.0,19.0,223.0,1 Assist
2026-03-24,training,30.0,3.0,Treino Terça-Feira,,,68.0,,5900.0,184.0,697.0,87.0,27.42,,,4.0,31.0,48.0,617.0,
2026-03-25,training,30.0,3.0,Treino Quarta-Feira,,,79.0,,6820.0,235.0,987.0,86.0,29.14,,,14.0,41.0,50.0,728.0,
2026-03-26,training,30.0,3.0,Treino Quinta-Feira,,,66.0,,2790.0,79.0,268.0,42.0,26.36,,,4.0,16.0,11.0,289.0,
2026-03-28,game,30.0,3.0,Jornada 19 - São Martinho (FORA) 4-3,Campeonato,False,34.0,24.0,3600.0,298.0,748.0,106.0,31.52,0.0,12.0,12.0,26.0,39.0,392.0,1 Golo
2026-03-31,training,31.0,3.0,Treino Terça-Feira,,,69.0,,4250.0,25.0,439.0,62.0,22.38,,,0.0,32.0,39.0,456.0,
2026-04-03,training,31.0,4.0,Treino Sexta-Feira,,,73.0,,5070.0,42.0,559.0,69.0,23.56,,,0.0,44.0,45.0,536.0,
2026-04-07,training,31.0,4.0,Treino Terça-Feira,,,71.0,,7000.0,163.0,896.0,99.0,26.94,,,12.0,53.0,46.0,731.0,
2026-04-09,game,31.0,4.0,Jogo Treino Sub19 Valecambrense (CASA) 3-2,Treino,False,36.0,,4200.0,513.0,991.0,117.0,31.95,0.0,18.0,18.0,27.0,43.0,461.0,MISERÀVEL 
2026-04-10,training,31.0,4.0,Treino Sexta-Feira,,,75.0,,4690.0,147.0,599.0,63.0,27.31,,,7.0,54.0,55.0,510.0,
2026-04-12,game,31.0,4.0,Jornada 19 - União Mata (CASA) 3-1,Campeonato,False,12.0,,1490.0,174.0,332.0,124.0,31.14,0.0,7.0,7.0,12.0,17.0,165.0,
2026-04-14,training,32.0,4.0,Treino Terça-Feira,,,64.0,,4680.0,65.0,577.0,73.0,25.33,,,2.0,57.0,67.0,512.0,
2026-04-15,training,32.0,4.0,Treino Quinta-Feira,,,76.0,,5970.0,213.0,951.0,79.0,26.22,,,11.0,52.0,58.0,649.0,
2026-04-17,training,32.0,4.0,Treino Sexta-Feira,,,43.0,,2090.0,6.0,334.0,49.0,22.36,,,0.0,23.0,25.0,235.0,
2026-04-19,game,32.0,4.0,Jornada 20 - ADS (FORA) 2-1,Campeonato,False,31.0,,3680.0,313.0,700.0,119.0,31.45,0.0,11.0,11.0,21.0,25.0,390.0,
2026-04-21,training,33.0,4.0,Treino Terça-Feira,,,70.0,,5140.0,27.0,607.0,73.0,26.43,,,1.0,49.0,61.0,559.0,
2026-04-23,training,33.0,4.0,Treino Quinta-Feira,,,75.0,,6890.0,249.0,1088.0,92.0,29.09,,,12.0,36.0,51.0,721.0,
2026-04-24,training,33.0,4.0,Treino Sexta-Feira,,,76.0,,4950.0,160.0,665.0,65.0,25.36,,,8.0,34.0,37.0,522.0,
2026-04-26,game,33.0,4.0,Jornada 21 - Vila Viçosa (CASA) 4-0,Campeonato,False,28.0,,2940.0,324.0,653.0,105.0,31.86,0.0,11.0,11.0,12.0,25.0,310.0,FESTA
2026-04-28,training,34.0,4.0,Treino Terça-Feira,,,76.0,,5740.0,28.0,742.0,76.0,22.98,,,1.0,31.0,53.0,613.0,
2026-04-30,training,34.0,4.0,Treino Quinta-Feira,,,71.0,,6860.0,323.0,1251.0,97.0,28.2,,,12.0,29.0,66.0,726.0,
2026-05-01,training,34.0,5.0,Treino Sexta-Feira,,,83.0,,3990.0,63.0,461.0,48.0,25.57,,,3.0,28.0,37.0,428.0,
2026-05-03,game,34.0,5.0,Jornada 1 Ap.Campeão - Calvão (CASA) 1-0,Campeonato,False,50.0,,3090.0,292.0,518.0,62.0,30.91,0.0,9.0,9.0,21.0,18.0,321.0,Penalti Marcado
2026-05-05,training,35.0,5.0,Treino Terça-Feira,,,46.0,,3120.0,7.0,274.0,68.0,21.07,,,0.0,26.0,27.0,328.0,
2026-05-07,training,35.0,5.0,Treino Quinta-Feira,,,68.0,,5560.0,267.0,908.0,82.0,29.15,,,12.0,36.0,62.0,602.0,
2026-05-08,training,35.0,5.0,Treino Sexta-Feira,,,68.0,,2800.0,6.0,244.0,41.0,21.3,,,0.0,14.0,16.0,293.0,
2026-05-10,game,35.0,5.0,Jornada 2 Ap.Campeão - Gafanha (FORA) 1-1,Campeonato,False,19.0,,2270.0,311.0,569.0,119.0,32.83,0.0,8.0,8.0,13.0,19.0,244.0,Derrota Penaltis -Não Bati
