Numeric Matchweek,Matchweek,Home Team,Away Team,Home Goals,Away Goals,Winner
1,J1,vila_viçosa,milheiroense,3,2,Home
1,J1,são_martinho,fermedo,2,2,Draw
1,J1,nege,macieirense,1,4,Away
1,J1,flograde_b,sanguedo,0,2,Away
1,J1,caldas_sjorge,valega,2,2,Draw
1,J1,santiais,cucujaes,3,6,Away
1,J1,macieira_cambra,são_vicente_pereira,3,0,Home
1,J1,rocas_vouga,fajoes,0,3,Away
2,J2,fermedo,santiais,6,1,Home
2,J2,milheiroense,caldas_sjorge,0,1,Away
2,J2,valega,flograde_b,0,1,Away
2,J2,sanguedo,macieira_cambra,1,1,Draw
2,J2,fajoes,são_martinho,1,0,Home
2,J2,são_vicente_pereira,nege,3,0,Home
2,J2,cucujaes,vila_viçosa,2,0,Home
2,J2,macieirense,rocas_vouga,5,0,Home
3,J3,caldas_sjorge,cucujaes,4,1,Home
3,J3,nege,rocas_vouga,2,2,Draw
3,J3,santiais,fajoes,1,3,Away
3,J3,vila_viçosa,fermedo,0,3,Away
3,J3,são_martinho,macieirense,1,1,Draw
3,J3,flograde_b,milheiroense,1,1,Draw
3,J3,são_vicente_pereira,sanguedo,1,6,Away
3,J3,macieira_cambra,valega,2,1,Home
4,J4,rocas_vouga,são_martinho,1,4,Away
4,J4,fajoes,vila_viçosa,3,0,Home
4,J4,fermedo,caldas_sjorge,1,1,Draw
4,J4,milheiroense,macieira_cambra,1,0,Home
4,J4,sanguedo,nege,4,0,Home
4,J4,valega,são_vicente_pereira,3,2,Home
4,J4,macieirense,santiais,14,1,Home
4,J4,cucujaes,flograde_b,2,2,Draw
5,J5,nege,são_martinho,0,3,Away
5,J5,macieira_cambra,cucujaes,1,0,Home
5,J5,são_vicente_pereira,milheiroense,0,3,Away
5,J5,santiais,rocas_vouga,2,3,Away
5,J5,flograde_b,fermedo,2,2,Draw
5,J5,sanguedo,valega,2,0,Home
5,J5,caldas_sjorge,fajoes,0,1,Away
5,J5,vila_viçosa,macieirense,0,3,Away
6,J6,fajoes,flograde_b,1,0,Home
6,J6,cucujaes,são_vicente_pereira,1,2,Away
6,J6,milheiroense,sanguedo,0,2,Away
6,J6,valega,nege,6,0,Home
6,J6,fermedo,macieira_cambra,2,0,Home
6,J6,são_martinho,santiais,6,0,Home
6,J6,macieirense,caldas_sjorge,1,1,Draw
6,J6,rocas_vouga,vila_viçosa,1,2,Away
7,J7,são_vicente_pereira,fermedo,0,2,Away
7,J7,macieira_cambra,fajoes,0,3,Away
7,J7,flograde_b,macieirense,0,2,Away
7,J7,vila_viçosa,são_martinho,1,1,Draw
7,J7,valega,milheiroense,2,2,Draw
7,J7,sanguedo,cucujaes,2,1,Home
7,J7,nege,santiais,2,0,Home
7,J7,caldas_sjorge,rocas_vouga,4,1,Home
8,J8,rocas_vouga,flograde_b,1,4,Away
8,J8,são_martinho,caldas_sjorge,3,1,Home
8,J8,milheiroense,nege,6,0,Home
8,J8,fermedo,sanguedo,0,3,Away
8,J8,cucujaes,valega,2,2,Draw
8,J8,macieirense,macieira_cambra,2,2,Draw
8,J8,fajoes,são_vicente_pereira,6,0,Home
8,J8,santiais,vila_viçosa,2,3,Away
9,J9,flograde_b,são_martinho,3,2,Home
9,J9,sanguedo,fajoes,1,1,Draw
9,J9,são_vicente_pereira,macieirense,1,4,Away
9,J9,valega,fermedo,2,2,Draw
9,J9,nege,vila_viçosa,0,3,Away
9,J9,milheiroense,cucujaes,3,0,Home
9,J9,macieira_cambra,rocas_vouga,9,0,Home
9,J9,caldas_sjorge,santiais,4,0,Home
10,J10,vila_viçosa,caldas_sjorge,1,3,Away
10,J10,macieirense,sanguedo,0,1,Away
10,J10,rocas_vouga,são_vicente_pereira,0,3,Away
10,J10,cucujaes,nege,4,1,Home
10,J10,fajoes,valega,2,1,Home
10,J10,são_martinho,macieira_cambra,2,3,Away
10,J10,fermedo,milheiroense,2,1,Home
10,J10,santiais,flograde_b,1,4,Away
11,J11,valega,macieirense,2,1,Home
11,J11,macieira_cambra,santiais,5,0,Home
11,J11,flograde_b,vila_viçosa,6,0,Home
11,J11,sanguedo,rocas_vouga,8,0,Home
11,J11,milheiroense,fajoes,0,1,Away
11,J11,são_vicente_pereira,são_martinho,0,5,Away
11,J11,nege,caldas_sjorge,1,4,Away
11,J11,cucujaes,fermedo,0,4,Away
12,J12,caldas_sjorge,flograde_b,2,2,Draw
12,J12,fajoes,cucujaes,3,2,Home
12,J12,fermedo,nege,5,0,Home
12,J12,rocas_vouga,valega,0,4,Away
12,J12,são_martinho,sanguedo,0,0,Draw
12,J12,santiais,são_vicente_pereira,1,4,Away
12,J12,macieirense,milheiroense,3,2,Home
12,J12,vila_viçosa,macieira_cambra,0,3,Away
13,J13,macieira_cambra,caldas_sjorge,1,1,Draw
13,J13,valega,são_martinho,4,0,Home
13,J13,são_vicente_pereira,vila_viçosa,3,2,Home
13,J13,sanguedo,santiais,7,0,Home
13,J13,fermedo,fajoes,4,0,Home
13,J13,cucujaes,macieirense,1,7,Away
13,J13,nege,flograde_b,1,8,Away
13,J13,milheiroense,rocas_vouga,3,1,Home
14,J14,rocas_vouga,cucujaes,5,2,Home
14,J14,macieirense,fermedo,2,0,Home
14,J14,flograde_b,macieira_cambra,0,0,Draw
14,J14,caldas_sjorge,são_vicente_pereira,1,3,Away
14,J14,vila_viçosa,sanguedo,0,4,Away
14,J14,são_martinho,milheiroense,1,1,Draw
14,J14,nege,fajoes,0,4,Away
14,J14,santiais,valega,0,6,Away
15,J15,fajoes,macieirense,1,0,Home
15,J15,sanguedo,caldas_sjorge,1,1,Draw
15,J15,valega,vila_viçosa,1,1,Draw
15,J15,são_vicente_pereira,flograde_b,0,4,Away
15,J15,cucujaes,são_martinho,1,2,Away
15,J15,macieira_cambra,nege,4,1,Home
15,J15,fermedo,rocas_vouga,1,0,Home
15,J15,milheiroense,santiais,4,0,Home
16,J16,macieirense,nege,7,0,Home
16,J16,milheiroense,vila_viçosa,2,1,Home
16,J16,são_vicente_pereira,macieira_cambra,2,5,Away
16,J16,sanguedo,flograde_b,3,1,Home
16,J16,fajoes,rocas_vouga,3,0,Home
16,J16,cucujaes,santiais,4,1,Home
16,J16,valega,caldas_sjorge,3,0,Home
16,J16,fermedo,são_martinho,1,1,Draw
17,J17,flograde_b,valega,0,2,Away
17,J17,rocas_vouga,macieirense,1,3,Away
17,J17,são_martinho,fajoes,1,3,Away
17,J17,santiais,fermedo,1,4,Away
17,J17,nege,são_vicente_pereira,3,3,Draw
17,J17,macieira_cambra,sanguedo,2,2,Draw
17,J17,vila_viçosa,cucujaes,0,2,Away
17,J17,caldas_sjorge,milheiroense,0,1,Away
18,J18,fermedo,vila_viçosa,6,1,Home
18,J18,milheiroense,flograde_b,1,1,Draw
18,J18,fajoes,santiais,6,0,Home
18,J18,cucujaes,caldas_sjorge,2,2,Draw
18,J18,rocas_vouga,nege,1,0,Home
18,J18,sanguedo,são_vicente_pereira,4,0,Home
18,J18,macieirense,são_martinho,2,0,Home
18,J18,valega,macieira_cambra,2,3,Away
19,J19,santiais,macieirense,1,6,Away
19,J19,flograde_b,cucujaes,3,2,Home
19,J19,nege,sanguedo,0,7,Away
19,J19,são_martinho,rocas_vouga,2,0,Home
19,J19,caldas_sjorge,fermedo,1,2,Away
19,J19,vila_viçosa,fajoes,0,3,Away
19,J19,macieira_cambra,milheiroense,3,1,Home
19,J19,são_vicente_pereira,valega,0,1,Away
20,J20,valega,sanguedo,1,1,Draw
20,J20,rocas_vouga,santiais,3,1,Home
20,J20,são_martinho,nege,6,0,Home
20,J20,fajoes,caldas_sjorge,0,0,Draw
20,J20,cucujaes,macieira_cambra,0,6,Away
20,J20,milheiroense,são_vicente_pereira,0,0,Draw
20,J20,fermedo,flograde_b,1,0,Home
20,J20,macieirense,vila_viçosa,4,0,Home
21,J21,caldas_sjorge,macieirense,1,2,Away
21,J21,macieira_cambra,fermedo,3,0,Home
21,J21,são_vicente_pereira,cucujaes,5,1,Home
21,J21,flograde_b,fajoes,0,1,Away
21,J21,santiais,são_martinho,0,1,Away
21,J21,sanguedo,milheiroense,3,0,Home
21,J21,vila_viçosa,rocas_vouga,0,0,Draw
21,J21,nege,valega,3,1,Home
22,J22,santiais,nege,3,1,Home
22,J22,são_martinho,vila_viçosa,2,1,Home
22,J22,cucujaes,sanguedo,0,5,Away
22,J22,milheiroense,valega,2,0,Home
22,J22,fajoes,macieira_cambra,2,0,Home
22,J22,macieirense,flograde_b,2,2,Draw
22,J22,rocas_vouga,caldas_sjorge,0,2,Away
22,J22,fermedo,são_vicente_pereira,3,0,Home
23,J23,são_vicente_pereira,fajoes,0,2,Away
23,J23,valega,cucujaes,2,1,Home
23,J23,caldas_sjorge,são_martinho,1,1,Draw
23,J23,macieira_cambra,macieirense,2,2,Draw
23,J23,flograde_b,rocas_vouga,3,2,Home
23,J23,sanguedo,fermedo,3,0,Home
23,J23,vila_viçosa,santiais,3,0,Home
23,J23,nege,milheiroense,0,6,Away
24,J24,cucujaes,milheiroense,1,2,Away
24,J24,rocas_vouga,macieira_cambra,2,4,Away
24,J24,santiais,caldas_sjorge,0,4,Away
24,J24,são_martinho,flograde_b,1,1,Draw
24,J24,fermedo,valega,1,1,Draw
24,J24,vila_viçosa,nege,5,0,Home
24,J24,fajoes,sanguedo,2,2,Draw
24,J24,macieirense,são_vicente_pereira,4,0,Home
25,J25,são_vicente_pereira,rocas_vouga,3,1,Home
25,J25,milheiroense,fermedo,2,2,Draw
25,J25,flograde_b,santiais,8,0,Home
25,J25,valega,fajoes,1,0,Home
25,J25,nege,cucujaes,2,1,Home
25,J25,macieira_cambra,são_martinho,3,1,Home
25,J25,sanguedo,macieirense,2,1,Home
25,J25,caldas_sjorge,vila_viçosa,3,0,Home
26,J26,macieirense,valega,2,1,Home
26,J26,fermedo,cucujaes,3,0,Home
26,J26,são_martinho,são_vicente_pereira,5,3,Home
26,J26,rocas_vouga,sanguedo,1,3,Away
26,J26,fajoes,milheiroense,2,1,Home
26,J26,vila_viçosa,flograde_b,1,0,Home
26,J26,caldas_sjorge,nege,4,0,Home
26,J26,santiais,macieira_cambra,2,3,Away
27,J27,flograde_b,caldas_sjorge,0,0,Draw
27,J27,nege,fermedo,0,2,Away
27,J27,macieira_cambra,vila_viçosa,0,0,Draw
27,J27,são_vicente_pereira,santiais,3,3,Draw
27,J27,cucujaes,fajoes,1,1,Draw
27,J27,valega,rocas_vouga,4,0,Home
27,J27,milheiroense,macieirense,3,2,Home
27,J27,sanguedo,são_martinho,3,1,Home
28,J28,santiais,sanguedo,0,14,Away
28,J28,são_martinho,valega,3,2,Home
28,J28,macieirense,cucujaes,2,0,Home
28,J28,rocas_vouga,milheiroense,0,1,Away
28,J28,vila_viçosa,são_vicente_pereira,1,0,Home
28,J28,fajoes,fermedo,1,0,Home
28,J28,caldas_sjorge,macieira_cambra,0,0,Draw
28,J28,flograde_b,nege,2,0,Home
29,J29,são_vicente_pereira,caldas_sjorge,1,4,Away
29,J29,fajoes,nege,3,0,Home
29,J29,sanguedo,vila_viçosa,4,1,Home
29,J29,cucujaes,rocas_vouga,2,5,Away
29,J29,milheiroense,são_martinho,5,0,Home
29,J29,fermedo,macieirense,2,3,Away
29,J29,macieira_cambra,flograde_b,1,0,Home
29,J29,valega,santiais,6,0,Home
30,J30,são_martinho,cucujaes,3,0,Home
30,J30,macieirense,fajoes,2,2,Draw
30,J30,vila_viçosa,valega,0,0,Draw
30,J30,santiais,milheiroense,0,5,Away
30,J30,rocas_vouga,fermedo,1,5,Away
30,J30,flograde_b,são_vicente_pereira,1,1,Draw
30,J30,nege,macieira_cambra,0,6,Away
30,J30,caldas_sjorge,sanguedo,0,6,Away
