Result - abv,Date,Hour,Location,Team2,Result,Competition,Matchweek,Played?,Team1
V,2025-09-21,15:30,(C),Canedo,1-0,Taça Pecol - Prof. José Valente Pinho Leão 25/26,7,True,mansores
D,2025-10-05,15:30,(F),Sanguedo,3-0,Taça Pecol - Prof. José Valente Pinho Leão 25/26,7,True,mansores
V,2025-10-12,15:30,(C),caldas_sjorge,3-1,AF Aveiro II Divisão Zona Norte 25/26,J1,True,mansores
V,2025-10-19,15:00,(F),mosteiro_fc,0-2,AF Aveiro II Divisão Zona Norte 25/26,J2,True,mansores
V,2025-10-25,,(F),espinho_b,1-3,AF Aveiro II Divisão Zona Norte 25/26,J3,True,mansores
V,2025-11-02,15:30,(C),ef_rui_dolores,5-0,AF Aveiro II Divisão Zona Norte 25/26,J4,True,mansores
V,2025-11-09,15:30,(F),milheiroense,1-2,AF Aveiro II Divisão Zona Norte 25/26,J5,True,mansores
V,2025-11-16,15:30,(C),cd_tarei,7-0,AF Aveiro II Divisão Zona Norte 25/26,J6,True,mansores
V,2025-11-23,15:30,(F),crc_vale,0-2,AF Aveiro II Divisão Zona Norte 25/26,J7,True,mansores
V,2025-12-14,15:30,(C),são_martinho,2-1,AF Aveiro II Divisão Zona Norte 25/26,J8,True,mansores
V,2026-01-04,15:30,(F),uniao_da_mata,0-2,AF Aveiro II Divisão Zona Norte 25/26,J9,True,mansores
D,2026-01-11,15:30,(C),ad_sanjoanense,1-3,AF Aveiro II Divisão Zona Norte 25/26,J10,True,mansores
V,2026-01-17,15:30,(F),vila_viçosa,2-3,AF Aveiro II Divisão Zona Norte 25/26,J11,True,mansores
h2h,2026-01-25,15:30,(F),caldas_sjorge,-,AF Aveiro II Divisão Zona Norte 25/26,J12,False,mansores
h2h,2026-02-15,15:30,(C),mosteiro_fc,-,AF Aveiro II Divisão Zona Norte 25/26,J13,False,mansores
h2h,2026-02-22,15:30,(C),espinho_b,-,AF Aveiro II Divisão Zona Norte 25/26,J14,False,mansores
h2h,2026-03-01,15:30,(F),ef_rui_dolores,-,AF Aveiro II Divisão Zona Norte 25/26,J15,False,mansores
h2h,2026-03-08,15:30,(C),milheiroense,-,AF Aveiro II Divisão Zona Norte 25/26,J16,False,mansores
h2h,2026-03-14,15:00,(F),cd_tarei,-,AF Aveiro II Divisão Zona Norte 25/26,J17,False,mansores
h2h,2026-03-22,15:30,(C),crc_vale,-,AF Aveiro II Divisão Zona Norte 25/26,J18,False,mansores
h2h,2026-03-28,16:00,(F),são_martinho,-,AF Aveiro II Divisão Zona Norte 25/26,J19,False,mansores
h2h,2026-04-12,16:00,(C),uniao_da_mata,-,AF Aveiro II Divisão Zona Norte 25/26,J20,False,mansores
h2h,2026-04-19,16:00,(F),ad_sanjoanense,-,AF Aveiro II Divisão Zona Norte 25/26,J21,False,mansores
h2h,2026-04-26,16:00,(C),vila_viçosa,-,AF Aveiro II Divisão Zona Norte 25/26,J22,False,mansores
